{   
    "free_falling": {
        "gravity": 9.802,
        "kd": 0.1062,
        "km": 0.0057,
        "table": {
            "center": [ 0.722, -1.57, -1.38],
            "height": 0.765,
            "direction": [0, 1],
            "half_length": 1.37,
            "half_width": 0.7625,
            "impact_table": [[ 0.90089277,  0.07471497, -0.05945311],
                            [-0.00405459,  0.56571272, -0.05611265],
                            [-0.00939996, -0.03824324, -0.89371729]],
            "impact_table_spin": [[ 0.92218783,  0.04610198, -0.03673059, -3.39081688,  0.25554156, -0.1943666 ],
                                  [ 0.04064519,  0.81947474, -0.31047129, -7.00512388, -1.61519793,  5.92262433],
                                  [-0.01085564, -0.11349084, -0.82546919, -0.09295188,  0.479439,   -0.29948612],
                                  [ 0.0,          0.0,          0.0,          0.0,          0.0,    0.0        ],
                                  [ 0.0,          0.0,          0.0,          0.0,          0.0,    0.0        ],
                                  [ 0.0,          0.0,          0.0,          0.0,          0.0,    0.0        ]]
        },
        "ground": {
            "center": [-0.184, 1.65, -2.438],
            "height": 0.765,
            "impact_ground": [[0.40, 0.0,  0.0],
                              [ 0.0, 0.4,  0.0],
                              [ 0.0, 0.0, -0.5]]
        }
    },
    "kalman_filter": {
        "ini_omega": [1e-3, 1e-3, 1e-3],
        "sigma": {
            "r": [1e-4, 1e-4, 1e-4],
            "v": [1e-2, 1e-2, 1e-2], 
            "y": [1e-4, 1e-4, 1e-4],
            "omega": [1e-2, 1e-2, 1e-2]
        },
        "ini_sigma": {
            "r": [1e-4, 1e-4, 1e-4],
            "v": [1e-2, 1e-2, 1e-2], 
            "omega": [1e-2, 1e-2, 1e-2]
        }
    },
    "ball": {
        "mass": 0.0027,
        "radius": 0.02,
        "rho": 1.225
    }
}
